<?xml version="1.0" encoding="UTF-8"?>
<!-- IMPORTANT: This is an internal file that has been generated
     by the Xilinx ISE software.  Any direct editing or
     changes made to this file may result in unpredictable
     behavior or data corruption.  It is strongly advised that
     users do not edit the contents of this file. -->
<DeviceUsageSummary rev="35">
<DesignStatistics TimeStamp="Wed Oct 04 17:57:24 2017"><group name="NetStatistics">
<item name="NumNets_Active" rev="35">
<attrib name="value" value="147"/></item>
<item name="NumNets_Gnd" rev="35">
<attrib name="value" value="1"/></item>
<item name="NumNets_Vcc" rev="35">
<attrib name="value" value="1"/></item>
<item name="NumNodesOfType_Active_CLKPIN" rev="35">
<attrib name="value" value="30"/></item>
<item name="NumNodesOfType_Active_CNTRLPIN" rev="35">
<attrib name="value" value="28"/></item>
<item name="NumNodesOfType_Active_DOUBLE" rev="35">
<attrib name="value" value="199"/></item>
<item name="NumNodesOfType_Active_DUMMY" rev="35">
<attrib name="value" value="297"/></item>
<item name="NumNodesOfType_Active_DUMMYESC" rev="35">
<attrib name="value" value="2"/></item>
<item name="NumNodesOfType_Active_GLOBAL" rev="35">
<attrib name="value" value="23"/></item>
<item name="NumNodesOfType_Active_HFULLHEX" rev="35">
<attrib name="value" value="4"/></item>
<item name="NumNodesOfType_Active_HUNIHEX" rev="35">
<attrib name="value" value="16"/></item>
<item name="NumNodesOfType_Active_INPUT" rev="35">
<attrib name="value" value="336"/></item>
<item name="NumNodesOfType_Active_IOBOUTPUT" rev="35">
<attrib name="value" value="2"/></item>
<item name="NumNodesOfType_Active_OMUX" rev="35">
<attrib name="value" value="125"/></item>
<item name="NumNodesOfType_Active_OUTPUT" rev="35">
<attrib name="value" value="132"/></item>
<item name="NumNodesOfType_Active_PREBXBY" rev="35">
<attrib name="value" value="67"/></item>
<item name="NumNodesOfType_Active_VFULLHEX" rev="35">
<attrib name="value" value="10"/></item>
<item name="NumNodesOfType_Active_VLONG" rev="35">
<attrib name="value" value="1"/></item>
<item name="NumNodesOfType_Active_VUNIHEX" rev="35">
<attrib name="value" value="8"/></item>
<item name="NumNodesOfType_Gnd_INPUT" rev="35">
<attrib name="value" value="2"/></item>
<item name="NumNodesOfType_Gnd_OMUX" rev="35">
<attrib name="value" value="2"/></item>
<item name="NumNodesOfType_Gnd_OUTPUT" rev="35">
<attrib name="value" value="2"/></item>
<item name="NumNodesOfType_Gnd_PREBXBY" rev="35">
<attrib name="value" value="2"/></item>
</group>
<group name="MiscellaneousStatistics">
<item name="AGG_BONDED_IO" rev="34">
<attrib name="value" value="13"/></item>
<item name="AGG_IO" rev="34">
<attrib name="value" value="13"/></item>
<item name="AGG_SLICE" rev="34">
<attrib name="value" value="65"/></item>
<item name="NUM_4_INPUT_LUT" rev="34">
<attrib name="value" value="118"/></item>
<item name="NUM_BONDED_IBUF" rev="34">
<attrib name="value" value="2"/></item>
<item name="NUM_BONDED_IOB" rev="34">
<attrib name="value" value="11"/></item>
<item name="NUM_BUFGMUX" rev="34">
<attrib name="value" value="2"/></item>
<item name="NUM_CYMUX" rev="34">
<attrib name="value" value="39"/></item>
<item name="NUM_LUT_RT" rev="34">
<attrib name="value" value="34"/></item>
<item name="NUM_SLICEL" rev="34">
<attrib name="value" value="65"/></item>
<item name="NUM_SLICE_FF" rev="34">
<attrib name="value" value="45"/></item>
<item name="NUM_XOR" rev="34">
<attrib name="value" value="36"/></item>
</group>
<group name="SiteStatistics">
<item name="IBUF-DIFFMI" rev="35">
<attrib name="value" value="1"/></item>
<item name="IOB-DIFFM" rev="35">
<attrib name="value" value="8"/></item>
<item name="IOB-DIFFS" rev="35">
<attrib name="value" value="3"/></item>
<item name="SLICEL-SLICEM" rev="35">
<attrib name="value" value="27"/></item>
</group>
</DesignStatistics>
<DeviceUsage TimeStamp="Wed Oct 04 17:57:24 2017"><group name="SiteSummary">
<item name="BUFGMUX" rev="35">
<attrib name="total" value="1000000"/><attrib name="used" value="2"/></item>
<item name="BUFGMUX_GCLKMUX" rev="35">
<attrib name="total" value="1000000"/><attrib name="used" value="2"/></item>
<item name="BUFGMUX_GCLK_BUFFER" rev="35">
<attrib name="total" value="1000000"/><attrib name="used" value="2"/></item>
<item name="IBUF" rev="35">
<attrib name="total" value="1000000"/><attrib name="used" value="2"/></item>
<item name="IBUF_INBUF" rev="35">
<attrib name="total" value="1000000"/><attrib name="used" value="2"/></item>
<item name="IBUF_PAD" rev="35">
<attrib name="total" value="1000000"/><attrib name="used" value="2"/></item>
<item name="IOB" rev="35">
<attrib name="total" value="1000000"/><attrib name="used" value="11"/></item>
<item name="IOB_OUTBUF" rev="35">
<attrib name="total" value="1000000"/><attrib name="used" value="11"/></item>
<item name="IOB_PAD" rev="35">
<attrib name="total" value="1000000"/><attrib name="used" value="11"/></item>
<item name="SLICEL" rev="35">
<attrib name="total" value="1000000"/><attrib name="used" value="65"/></item>
<item name="SLICEL_C1VDD" rev="35">
<attrib name="total" value="1000000"/><attrib name="used" value="2"/></item>
<item name="SLICEL_CYMUXF" rev="35">
<attrib name="total" value="1000000"/><attrib name="used" value="21"/></item>
<item name="SLICEL_CYMUXG" rev="35">
<attrib name="total" value="1000000"/><attrib name="used" value="18"/></item>
<item name="SLICEL_F" rev="35">
<attrib name="total" value="1000000"/><attrib name="used" value="59"/></item>
<item name="SLICEL_F5MUX" rev="35">
<attrib name="total" value="1000000"/><attrib name="used" value="7"/></item>
<item name="SLICEL_FFX" rev="35">
<attrib name="total" value="1000000"/><attrib name="used" value="23"/></item>
<item name="SLICEL_FFY" rev="35">
<attrib name="total" value="1000000"/><attrib name="used" value="22"/></item>
<item name="SLICEL_G" rev="35">
<attrib name="total" value="1000000"/><attrib name="used" value="59"/></item>
<item name="SLICEL_GNDF" rev="35">
<attrib name="total" value="1000000"/><attrib name="used" value="19"/></item>
<item name="SLICEL_GNDG" rev="35">
<attrib name="total" value="1000000"/><attrib name="used" value="18"/></item>
<item name="SLICEL_XORF" rev="35">
<attrib name="total" value="1000000"/><attrib name="used" value="18"/></item>
<item name="SLICEL_XORG" rev="35">
<attrib name="total" value="1000000"/><attrib name="used" value="18"/></item>
</group>
</DeviceUsage>
<ReportConfigData TimeStamp="Wed Oct 04 17:57:24 2017"><group name="IBUF_PAD">
<item name="IOATTRBOX" rev="35">
<attrib name="LVCMOS25" value="2"/></item>
</group>
<group name="SLICEL">
<item name="BX" rev="35">
<attrib name="BX_INV" value="0"/><attrib name="BX" value="10"/></item>
<item name="BY" rev="35">
<attrib name="BY" value="2"/><attrib name="BY_INV" value="3"/></item>
<item name="CE" rev="35">
<attrib name="CE" value="7"/><attrib name="CE_INV" value="9"/></item>
<item name="CIN" rev="35">
<attrib name="CIN_INV" value="0"/><attrib name="CIN" value="18"/></item>
<item name="CLK" rev="35">
<attrib name="CLK" value="30"/><attrib name="CLK_INV" value="0"/></item>
<item name="SR" rev="35">
<attrib name="SR" value="12"/><attrib name="SR_INV" value="0"/></item>
</group>
<group name="IOB_OUTBUF">
<item name="IN" rev="35">
<attrib name="IN_INV" value="0"/><attrib name="IN" value="11"/></item>
</group>
<group name="SLICEL_CYMUXF">
<item name="0" rev="35">
<attrib name="0" value="21"/><attrib name="0_INV" value="0"/></item>
<item name="1" rev="35">
<attrib name="1_INV" value="0"/><attrib name="1" value="21"/></item>
</group>
<group name="SLICEL_CYMUXG">
<item name="0" rev="35">
<attrib name="0" value="18"/><attrib name="0_INV" value="0"/></item>
</group>
<group name="BUFGMUX_GCLKMUX">
<item name="DISABLE_ATTR" rev="35">
<attrib name="LOW" value="2"/></item>
<item name="S" rev="35">
<attrib name="S_INV" value="2"/><attrib name="S" value="0"/></item>
</group>
<group name="SLICEL_FFX">
<item name="CE" rev="35">
<attrib name="CE" value="4"/><attrib name="CE_INV" value="9"/></item>
<item name="CK" rev="35">
<attrib name="CK" value="23"/><attrib name="CK_INV" value="0"/></item>
<item name="D" rev="35">
<attrib name="D" value="23"/><attrib name="D_INV" value="0"/></item>
<item name="FFX_INIT_ATTR" rev="35">
<attrib name="INIT0" value="23"/></item>
<item name="FFX_SR_ATTR" rev="35">
<attrib name="SRLOW" value="23"/></item>
<item name="LATCH_OR_FF" rev="35">
<attrib name="FF" value="23"/></item>
<item name="SR" rev="35">
<attrib name="SR" value="6"/><attrib name="SR_INV" value="0"/></item>
<item name="SYNC_ATTR" rev="35">
<attrib name="ASYNC" value="23"/></item>
</group>
<group name="SLICEL_XORF">
<item name="1" rev="35">
<attrib name="1_INV" value="0"/><attrib name="1" value="18"/></item>
</group>
<group name="SLICEL_FFY">
<item name="CE" rev="35">
<attrib name="CE" value="6"/><attrib name="CE_INV" value="9"/></item>
<item name="CK" rev="35">
<attrib name="CK" value="22"/><attrib name="CK_INV" value="0"/></item>
<item name="D" rev="35">
<attrib name="D" value="19"/><attrib name="D_INV" value="3"/></item>
<item name="FFY_INIT_ATTR" rev="35">
<attrib name="INIT0" value="19"/><attrib name="INIT1" value="3"/></item>
<item name="FFY_SR_ATTR" rev="35">
<attrib name="SRLOW" value="19"/><attrib name="SRHIGH" value="3"/></item>
<item name="LATCH_OR_FF" rev="35">
<attrib name="FF" value="22"/></item>
<item name="SR" rev="35">
<attrib name="SR" value="11"/><attrib name="SR_INV" value="0"/></item>
<item name="SYNC_ATTR" rev="35">
<attrib name="ASYNC" value="18"/><attrib name="SYNC" value="4"/></item>
</group>
<group name="IOB_PAD">
<item name="DRIVEATTRBOX" rev="35">
<attrib name="12" value="11"/></item>
<item name="IOATTRBOX" rev="35">
<attrib name="LVCMOS25" value="11"/></item>
<item name="SLEW" rev="35">
<attrib name="SLOW" value="11"/></item>
</group>
<group name="IOB">
<item name="O1" rev="35">
<attrib name="O1_INV" value="0"/><attrib name="O1" value="11"/></item>
</group>
<group name="BUFGMUX">
<item name="S" rev="35">
<attrib name="S_INV" value="2"/><attrib name="S" value="0"/></item>
</group>
<group name="SLICEL_F5MUX">
<item name="S0" rev="35">
<attrib name="S0" value="7"/><attrib name="S0_INV" value="0"/></item>
</group>
</ReportConfigData>
<ReportPinData TimeStamp="Wed Oct 04 17:57:24 2017"><group name="IBUF_PAD">
<item name="PAD" rev="35">
<attrib name="value" value="2"/></item>
</group>
<group name="IBUF_INBUF">
<item name="IN" rev="35">
<attrib name="value" value="2"/></item>
<item name="OUT" rev="35">
<attrib name="value" value="2"/></item>
</group>
<group name="SLICEL">
<item name="BX" rev="35">
<attrib name="value" value="10"/></item>
<item name="BY" rev="35">
<attrib name="value" value="5"/></item>
<item name="CE" rev="35">
<attrib name="value" value="16"/></item>
<item name="CIN" rev="35">
<attrib name="value" value="18"/></item>
<item name="CLK" rev="35">
<attrib name="value" value="30"/></item>
<item name="COUT" rev="35">
<attrib name="value" value="18"/></item>
<item name="F1" rev="35">
<attrib name="value" value="59"/></item>
<item name="F2" rev="35">
<attrib name="value" value="41"/></item>
<item name="F3" rev="35">
<attrib name="value" value="29"/></item>
<item name="F4" rev="35">
<attrib name="value" value="20"/></item>
<item name="G1" rev="35">
<attrib name="value" value="59"/></item>
<item name="G2" rev="35">
<attrib name="value" value="41"/></item>
<item name="G3" rev="35">
<attrib name="value" value="29"/></item>
<item name="G4" rev="35">
<attrib name="value" value="16"/></item>
<item name="SR" rev="35">
<attrib name="value" value="12"/></item>
<item name="X" rev="35">
<attrib name="value" value="33"/></item>
<item name="XB" rev="35">
<attrib name="value" value="1"/></item>
<item name="XQ" rev="35">
<attrib name="value" value="23"/></item>
<item name="Y" rev="35">
<attrib name="value" value="33"/></item>
<item name="YQ" rev="35">
<attrib name="value" value="22"/></item>
</group>
<group name="IOB_OUTBUF">
<item name="IN" rev="35">
<attrib name="value" value="11"/></item>
<item name="OUT" rev="35">
<attrib name="value" value="11"/></item>
</group>
<group name="SLICEL_CYMUXF">
<item name="0" rev="35">
<attrib name="value" value="21"/></item>
<item name="1" rev="35">
<attrib name="value" value="21"/></item>
<item name="OUT" rev="35">
<attrib name="value" value="21"/></item>
<item name="S0" rev="35">
<attrib name="value" value="21"/></item>
</group>
<group name="SLICEL_CYMUXG">
<item name="0" rev="35">
<attrib name="value" value="18"/></item>
<item name="1" rev="35">
<attrib name="value" value="18"/></item>
<item name="OUT" rev="35">
<attrib name="value" value="18"/></item>
<item name="S0" rev="35">
<attrib name="value" value="18"/></item>
</group>
<group name="BUFGMUX_GCLKMUX">
<item name="I0" rev="35">
<attrib name="value" value="2"/></item>
<item name="OUT" rev="35">
<attrib name="value" value="2"/></item>
<item name="S" rev="35">
<attrib name="value" value="2"/></item>
</group>
<group name="SLICEL_C1VDD">
<item name="1" rev="35">
<attrib name="value" value="2"/></item>
</group>
<group name="IBUF">
<item name="I" rev="35">
<attrib name="value" value="2"/></item>
<item name="PAD" rev="35">
<attrib name="value" value="2"/></item>
</group>
<group name="SLICEL_FFX">
<item name="CE" rev="35">
<attrib name="value" value="13"/></item>
<item name="CK" rev="35">
<attrib name="value" value="23"/></item>
<item name="D" rev="35">
<attrib name="value" value="23"/></item>
<item name="Q" rev="35">
<attrib name="value" value="23"/></item>
<item name="SR" rev="35">
<attrib name="value" value="6"/></item>
</group>
<group name="SLICEL_XORF">
<item name="0" rev="35">
<attrib name="value" value="18"/></item>
<item name="1" rev="35">
<attrib name="value" value="18"/></item>
<item name="O" rev="35">
<attrib name="value" value="18"/></item>
</group>
<group name="SLICEL_FFY">
<item name="CE" rev="35">
<attrib name="value" value="15"/></item>
<item name="CK" rev="35">
<attrib name="value" value="22"/></item>
<item name="D" rev="35">
<attrib name="value" value="22"/></item>
<item name="Q" rev="35">
<attrib name="value" value="22"/></item>
<item name="SR" rev="35">
<attrib name="value" value="11"/></item>
</group>
<group name="SLICEL_XORG">
<item name="0" rev="35">
<attrib name="value" value="18"/></item>
<item name="1" rev="35">
<attrib name="value" value="18"/></item>
<item name="O" rev="35">
<attrib name="value" value="18"/></item>
</group>
<group name="IOB_PAD">
<item name="PAD" rev="35">
<attrib name="value" value="11"/></item>
</group>
<group name="IOB">
<item name="O1" rev="35">
<attrib name="value" value="11"/></item>
<item name="PAD" rev="35">
<attrib name="value" value="11"/></item>
</group>
<group name="BUFGMUX">
<item name="I0" rev="35">
<attrib name="value" value="2"/></item>
<item name="O" rev="35">
<attrib name="value" value="2"/></item>
<item name="S" rev="35">
<attrib name="value" value="2"/></item>
</group>
<group name="BUFGMUX_GCLK_BUFFER">
<item name="IN" rev="35">
<attrib name="value" value="2"/></item>
<item name="OUT" rev="35">
<attrib name="value" value="2"/></item>
</group>
<group name="SLICEL_F">
<item name="A1" rev="35">
<attrib name="value" value="59"/></item>
<item name="A2" rev="35">
<attrib name="value" value="41"/></item>
<item name="A3" rev="35">
<attrib name="value" value="29"/></item>
<item name="A4" rev="35">
<attrib name="value" value="20"/></item>
<item name="D" rev="35">
<attrib name="value" value="59"/></item>
</group>
<group name="SLICEL_F5MUX">
<item name="F" rev="35">
<attrib name="value" value="7"/></item>
<item name="G" rev="35">
<attrib name="value" value="7"/></item>
<item name="OUT" rev="35">
<attrib name="value" value="7"/></item>
<item name="S0" rev="35">
<attrib name="value" value="7"/></item>
</group>
<group name="SLICEL_G">
<item name="A1" rev="35">
<attrib name="value" value="59"/></item>
<item name="A2" rev="35">
<attrib name="value" value="41"/></item>
<item name="A3" rev="35">
<attrib name="value" value="29"/></item>
<item name="A4" rev="35">
<attrib name="value" value="16"/></item>
<item name="D" rev="35">
<attrib name="value" value="59"/></item>
</group>
<group name="SLICEL_GNDF">
<item name="0" rev="35">
<attrib name="value" value="19"/></item>
</group>
<group name="SLICEL_GNDG">
<item name="0" rev="35">
<attrib name="value" value="18"/></item>
</group>
</ReportPinData>
<CmdHistory>
</CmdHistory>
</DeviceUsageSummary>
